nAtoms,EDT11,VFE,SPEDT11,SPEDT22,VME,VRV,DST11
256,4.017665898,0.677613546,-0.620594983,4.702005872,0.637543858,8.151674698,2.717223479
500,4.025913898,0.676398133,-0.637667176,4.737394154,0.634484637,8.168409491,2.722801814
864,4.030399005,0.675874171,-0.645267969,4.752845981,0.633138214,8.177509479,2.725835301
1372,4.032607137,0.675609647,-0.64933306,4.760494417,0.632449971,8.181991848,2.727326158
2048,4.033570192,0.675461586,-0.651549687,4.764740299,0.632061427,8.183943546,2.727980199
